fase,iteracion,abeja,accuracy,fitness,n_caracteristicas
inicializacion,0,1,0.6017029328287606,0.5535547846806125,13
inicializacion,0,2,0.7530747398297067,0.6938154805704475,16
inicializacion,0,3,0.6083254493850521,0.5601773012369039,13
inicializacion,0,4,0.4966887417218543,0.4189109639440765,21
inicializacion,0,5,0.5175023651844843,0.46565051333263247,14
inicializacion,0,6,0.44938505203405865,0.41975542240442903,8
inicializacion,0,7,0.7653736991485336,0.7246329584077928,11
inicializacion,0,8,0.5146641438032167,0.48133081046988335,9
inicializacion,0,9,0.5279091769157994,0.46124251024913276,18
inicializacion,0,10,0.4087038789025544,0.37537054556922106,9
empleadas,1,1,0.5950804162724692,0.5432285644206174,14
empleadas,1,2,0.7313150425733207,0.6683520796103577,17
empleadas,1,3,0.40397350993377484,0.3595290654893304,12
empleadas,1,4,0.38978240302743616,0.3157083289533621,20
empleadas,1,5,0.7322611163670766,0.676705560811521,15
empleadas,1,6,0.45506149479659413,0.4217281614632608,9
empleadas,1,7,0.6130558183538316,0.5760187813167945,10
empleadas,1,8,0.5392620624408704,0.5022250254038334,10
empleadas,1,9,0.5250709555345316,0.46210799257156865,17
empleadas,1,10,0.4323557237464522,0.4027260941168226,8
observadoras,1,7,0.7682119205298014,0.723767476085357,12
observadoras,1,3,0.6045411542100284,0.5526893023581766,14
observadoras,1,2,0.738883632923368,0.675920669960405,17
observadoras,1,2,0.7701040681173131,0.7071411051543501,17
observadoras,1,1,0.4323557237464522,0.38791127930200775,12
observadoras,1,5,0.5175023651844843,0.46565051333263247,14
observadoras,1,7,0.7634815515610217,0.7264445145239846,10
observadoras,1,7,0.7634815515610217,0.7301482182276884,9
observadoras,1,9,0.4900662251655629,0.42339955849889627,18
observadoras,1,1,0.5950804162724692,0.5506359718280247,12
empleadas,2,1,0.6102175969725638,0.558365745120712,14
empleadas,2,2,0.7795648060548723,0.7128981393882057,18
empleadas,2,3,0.6045411542100284,0.560096709765584,12
empleadas,2,4,0.49195837275307475,0.4178842986790007,20
empleadas,2,5,0.7483443708609272,0.689085111601668,16
empleadas,2,6,0.4314096499526963,0.3943726129156593,10
empleadas,2,7,0.7587511825922422,0.7180104418515014,11
empleadas,2,8,0.5203405865657521,0.47959984582501136,11
empleadas,2,9,0.5345316934720908,0.4752724342128316,16
empleadas,2,10,0.3935666982024598,0.3602333648691265,9
observadoras,2,3,0.6177861873226111,0.5733417428781666,12
observadoras,2,2,0.7890255439924314,0.718655173622061,19
observadoras,2,2,0.7956480605487228,0.7215739864746488,20
observadoras,2,8,0.5250709555345316,0.4843302147937909,11
observadoras,2,5,0.7473982970671712,0.6918427415116156,15
observadoras,2,5,0.771996215704825,0.7127369564455658,16
observadoras,2,1,0.5894039735099338,0.5412558253617856,13
observadoras,2,1,0.7350993377483444,0.6795437821927888,15
observadoras,2,5,0.7473982970671712,0.6918427415116156,15
observadoras,2,3,0.7417218543046358,0.6935737061564876,13
empleadas,3,1,0.7407757805108799,0.6889239286590281,14
empleadas,3,2,0.7559129612109745,0.6855425908406041,19
empleadas,3,3,0.7417218543046358,0.689870002452784,14
empleadas,3,4,0.5042573320719016,0.43018325799782753,20
empleadas,3,5,0.7786187322611163,0.7156557692981533,17
empleadas,3,6,0.42762535477767266,0.3905883177406356,10
empleadas,3,7,0.7615894039735099,0.7245523669364728,10
empleadas,3,8,0.5203405865657521,0.47959984582501136,11
empleadas,3,9,0.5042573320719016,0.448701776516346,15
empleadas,3,10,0.4796594134342479,0.44632608010091457,9
observadoras,3,3,0.5241248817407758,0.4759767335926276,13
observadoras,3,1,0.7559129612109745,0.7003574056554189,15
observadoras,3,1,0.7436140018921475,0.6917621500402957,14
observadoras,3,2,0.7861873226111636,0.7158169522407932,19
observadoras,3,1,0.7511825922421949,0.6919233329829356,16
observadoras,3,2,0.7890255439924314,0.718655173622061,19
observadoras,3,1,0.7398297067171239,0.6805704474578647,16
observadoras,3,5,0.7549668874172185,0.6957076281579593,16
observadoras,3,2,0.7947019867549668,0.7243316163845964,19
observadoras,3,3,0.7455061494796594,0.6973580013315113,13
empleadas,4,1,0.7341532639545885,0.6823014121027366,14
empleadas,4,2,0.8013245033112583,0.7272504292371842,20
empleadas,4,3,0.7426679280983917,0.6982234836539472,12
empleadas,4,4,0.49290444654683063,0.42253407617646027,19
empleadas,4,5,0.7918637653736992,0.7251970987070325,18
empleadas,4,6,0.43424787133396403,0.397210834296927,10
empleadas,4,7,0.7701040681173131,0.733067031080276,10
empleadas,4,8,0.5165562913907285,0.472111846946284,12
empleadas,4,9,0.7786187322611163,0.7156557692981533,17
empleadas,4,10,0.5137180700094608,0.47668103297242376,10
observadoras,4,1,0.7360454115421002,0.6841935596902484,14
observadoras,4,5,0.7738883632923368,0.7146291040330776,16
observadoras,4,7,0.7701040681173131,0.7293633273765724,11
observadoras,4,7,0.7663197729422895,0.7255790322015487,11
observadoras,4,2,0.7984862819299905,0.7281159115596201,19
observadoras,4,9,0.783349101229896,0.7240898419706367,16
observadoras,4,5,0.7767265846736046,0.7137636217106416,17
observadoras,4,9,0.7407757805108799,0.6852202249553243,15
observadoras,4,9,0.7814569536423841,0.7184939906794211,17
observadoras,4,7,0.7578051087984863,0.7170643680577455,11
exploradoras,4,1,0.8249763481551561,0.7731244963033043,14
empleadas,5,1,0.5279091769157994,0.47976102876765125,13
empleadas,5,2,0.7644276253547777,0.697760958688111,18
empleadas,5,3,0.7294228949858089,0.6886821542450682,11
empleadas,5,4,0.4985808893093661,0.42821051893899575,19
empleadas,5,5,0.7767265846736046,0.7137636217106416,17
empleadas,5,6,0.5241248817407758,0.4870878447037387,10
empleadas,5,7,0.7663197729422895,0.7255790322015487,11
empleadas,5,8,0.7748344370860927,0.7340936963453519,11
empleadas,5,9,0.7417218543046358,0.6861662987490802,15
empleadas,5,10,0.5052034058656575,0.47187007253232416,9
observadoras,5,7,0.7663197729422895,0.7255790322015487,11
observadoras,5,3,0.7369914853358562,0.6888433371877081,13
observadoras,5,8,0.7767265846736046,0.7322821402291602,12
observadoras,5,1,0.7729422894985809,0.7247941413504327,13
observadoras,5,3,0.7360454115421002,0.6878972633939521,13
observadoras,5,8,0.793755912961211,0.7493114685167666,12
observadoras,5,5,0.7918637653736992,0.7214933950033288,19
observadoras,5,9,0.7814569536423841,0.7184939906794211,17
observadoras,5,2,0.8003784295175024,0.7337117628508357,18
observadoras,5,8,0.7738883632923368,0.733147622551596,11
exploradoras,5,7,0.7644276253547777,0.7088720697992221,15
empleadas,6,1,0.8088930936613056,0.75333753810575,15
empleadas,6,2,0.7947019867549668,0.7317390237920038,17
empleadas,6,3,0.7483443708609272,0.700196222712779,13
empleadas,6,4,0.5023651844843898,0.4356985178177232,18
empleadas,6,5,0.7928098391674551,0.7298468762044921,17
empleadas,6,6,0.49479659413434246,0.46146326080100913,9
empleadas,6,7,0.7426679280983917,0.6834086688391324,16
empleadas,6,8,0.5250709555345316,0.4843302147937909,11
empleadas,6,9,0.7871333964049196,0.7241704334419566,17
empleadas,6,10,0.5089877010406811,0.4719506640036441,10
observadoras,6,9,0.7842951750236519,0.7250359157643926,16
observadoras,6,7,0.7492904446546831,0.6974385928028313,14
observadoras,6,3,0.7360454115421002,0.6841935596902484,14
observadoras,6,9,0.5203405865657521,0.4647850310101965,15
observadoras,6,3,0.7559129612109745,0.7040611093591227,14
observadoras,6,8,0.7738883632923368,0.7257402151441886,13
observadoras,6,9,0.7786187322611163,0.7230631767055608,15
observadoras,6,8,0.7738883632923368,0.7257402151441886,13
observadoras,6,8,0.7805108798486282,0.7397701391078875,11
observadoras,6,6,0.4446546830652791,0.4076176460282421,10
exploradoras,6,8,0.6490066225165563,0.6193769928869266,8
empleadas,7,1,0.7729422894985809,0.7247941413504327,13
empleadas,7,2,0.804162724692526,0.7337923543221556,19
empleadas,7,3,0.7426679280983917,0.6945197799502435,13
empleadas,7,4,0.5137180700094608,0.4507551070464978,17
empleadas,7,5,0.7852412488174078,0.7259819895581485,16
empleadas,7,6,0.5070955534531694,0.4663548127124286,11
empleadas,7,7,0.7464522232734153,0.6946003714215635,14
empleadas,7,8,0.6641438032166509,0.6308104698833176,9
empleadas,7,9,0.7842951750236519,0.7213322120606889,17
empleadas,7,10,0.49479659413434246,0.4540558533936017,11
observadoras,7,5,0.783349101229896,0.7240898419706367,16
observadoras,7,5,0.7852412488174078,0.7259819895581485,16
observadoras,7,7,0.7360454115421002,0.6841935596902484,14
observadoras,7,1,0.7729422894985809,0.7247941413504327,13
observadoras,7,2,0.8003784295175024,0.7337117628508357,18
observadoras,7,5,0.7814569536423841,0.7147902869757174,18
observadoras,7,5,0.7776726584673604,0.7184133992081012,16
observadoras,7,7,0.7663197729422895,0.7070605136830302,16
observadoras,7,5,0.7880794701986755,0.7214128035320089,18
observadoras,7,8,0.6792809839167455,0.6496513542871158,8
exploradoras,7,1,0.5118259224219489,0.46367777427380075,13
exploradoras,7,5,0.42762535477767266,0.37206979922211714,15
exploradoras,7,7,0.4228949858088931,0.3895616524755598,9
empleadas,8,1,0.5080416272469253,0.4635971828024808,12
empleadas,8,2,0.7445600756859035,0.6778934090192369,18
empleadas,8,3,0.7379375591296121,0.689789410981464,13
empleadas,8,4,0.5193945127719962,0.460135253512737,16
empleadas,8,5,0.4247871333964049,0.3655278741371456,16
empleadas,8,6,0.5260170293282876,0.4852762885875469,11
empleadas,8,7,0.4314096499526963,0.4017800203230667,8
empleadas,8,8,0.6603595080416272,0.6270261747082939,9
empleadas,8,9,0.7918637653736992,0.7289008024107362,17
empleadas,8,10,0.489120151371807,0.44837941063106623,11
observadoras,8,3,0.7256385998107853,0.6700830442552297,15
observadoras,8,9,0.7473982970671712,0.688139037807912,16
observadoras,8,1,0.5288552507095553,0.47700339885770343,14
observadoras,8,2,0.793755912961211,0.7270892462945443,18
observadoras,8,9,0.7956480605487228,0.7363888012894636,16
observadoras,8,2,0.8117313150425733,0.7376572409684993,20
observadoras,8,6,0.5269631031220435,0.4862223623813028,11
observadoras,8,2,0.771996215704825,0.7016258453344546,19
observadoras,8,6,0.5146641438032167,0.47392340306247593,11
observadoras,8,3,0.7426679280983917,0.6871123725428361,15
exploradoras,8,6,0.521286660359508,0.47684221591506354,12
empleadas,9,1,0.5118259224219489,0.46367777427380075,13
empleadas,9,2,0.7880794701986755,0.7177090998283051,19
empleadas,9,3,0.7256385998107853,0.6700830442552297,15
empleadas,9,4,0.4853358561967833,0.42978030064122774,15
empleadas,9,5,0.5089877010406811,0.4497284417814219,16
empleadas,9,6,0.5288552507095553,0.48811450996881456,11
empleadas,9,7,0.4304635761589404,0.40453765023301447,7
empleadas,9,8,0.6546830652790918,0.6213497319457585,9
empleadas,9,9,0.7994323557237465,0.7438768001681909,15
empleadas,9,10,0.489120151371807,0.44837941063106623,11
observadoras,9,3,0.7426679280983917,0.6945197799502435,13
observadoras,9,3,0.7284768211920529,0.6729212656364973,15
observadoras,9,9,0.7899716177861873,0.7307123585269281,16
observadoras,9,3,0.7256385998107853,0.6700830442552297,15
observadoras,9,2,0.8505203405865658,0.7727425628087881,21
observadoras,9,3,0.7455061494796594,0.6973580013315113,13
observadoras,9,2,0.847682119205298,0.7736080451312239,20
observadoras,9,6,0.4389782403027436,0.4019412032657066,10
observadoras,9,2,0.631031220435194,0.5643645537685273,18
observadoras,9,8,0.6461684011352885,0.6128350678019552,9
exploradoras,9,3,0.760643330179754,0.7124951820316059,13
exploradoras,9,10,0.4503311258278146,0.3910718665685553,16
empleadas,10,1,0.5260170293282876,0.47046147377273206,15
empleadas,10,2,0.8211920529801324,0.750821682609762,19
empleadas,10,3,0.7473982970671712,0.7029538526227268,12
empleadas,10,4,0.5203405865657521,0.4573776236027891,17
empleadas,10,5,0.5241248817407758,0.4685693261852202,15
empleadas,10,6,0.4389782403027436,0.4019412032657066,10
empleadas,10,7,0.4304635761589404,0.40083394652931076,8
empleadas,10,8,0.7757805108798487,0.7424471775465153,9
empleadas,10,9,0.7956480605487228,0.743796208696871,14
empleadas,10,10,0.45789971617786185,0.39493675321489885,17
observadoras,10,2,0.8410596026490066,0.7706892322786362,19
observadoras,10,2,0.8420056764427626,0.7716353060723922,19
observadoras,10,9,0.49952696310312206,0.4476751112512702,14
observadoras,10,9,0.8032166508987701,0.7513647990469183,14
observadoras,10,5,0.5033112582781457,0.45145940642629384,14
observadoras,10,3,0.7530747398297067,0.6975191842741512,15
observadoras,10,5,0.49290444654683063,0.44105259469497876,14
observadoras,10,3,0.7530747398297067,0.7012228879778549,14
observadoras,10,3,0.7653736991485336,0.7209292547040891,12
observadoras,10,9,0.7947019867549668,0.7465538386068187,13
empleadas,11,1,0.5279091769157994,0.47235362136024384,15
empleadas,11,2,0.8070009460737938,0.7366305757034234,19
empleadas,11,3,0.7559129612109745,0.7077648130628263,13
empleadas,11,4,0.5146641438032167,0.4591085882476611,15
empleadas,11,5,0.5089877010406811,0.4497284417814219,16
empleadas,11,6,0.5373699148533586,0.5003328778163216,10
empleadas,11,7,0.4389782403027436,0.409348610673114,8
empleadas,11,8,0.7965941343424787,0.7595570973054417,10
empleadas,11,9,0.4938505203405866,0.4457023721924384,13
empleadas,11,10,0.4427625354777673,0.383503276218508,16
observadoras,11,1,0.5156102175969726,0.4674620694488244,13
observadoras,11,2,0.8287606433301797,0.7583902729598093,19
observadoras,11,2,0.8211920529801324,0.750821682609762,19
observadoras,11,3,0.7625354777672658,0.7217947370265251,11
observadoras,11,3,0.759697256385998,0.7152528119415535,12
observadoras,11,8,0.7549668874172185,0.7216335540838852,9
observadoras,11,9,0.7899716177861873,0.7344160622306317,15
observadoras,11,8,0.8022705771050141,0.7615298363642734,11
observadoras,11,3,0.7540208136234626,0.7095763691790182,12
observadoras,11,6,0.5260170293282876,0.4852762885875469,11
exploradoras,11,2,0.8126773888363292,0.75341812957707,16
empleadas,12,1,0.521286660359508,0.47313851221135983,13
empleadas,12,2,0.8192999053926207,0.7637443498370651,15
empleadas,12,3,0.5052034058656575,0.46816636882862045,10
empleadas,12,4,0.5307473982970672,0.4751918427415116,15
empleadas,12,5,0.5468306527909177,0.48757139353165846,16
empleadas,12,6,0.5279091769157994,0.4908721398787624,10
empleadas,12,7,0.44181646168401134,0.41589053575808543,7
empleadas,12,8,0.793755912961211,0.7567188759241739,10
empleadas,12,9,0.7786187322611163,0.7230631767055608,15
empleadas,12,10,0.4370860927152318,0.37782683345597257,16
observadoras,12,8,0.793755912961211,0.7567188759241739,10
observadoras,12,2,0.7956480605487228,0.743796208696871,14
observadoras,12,2,0.8164616840113529,0.7646098321595011,14
observadoras,12,3,0.7540208136234626,0.7095763691790182,12
observadoras,12,8,0.7880794701986755,0.743635025754231,12
observadoras,12,2,0.7814569536423841,0.7333088054942359,13
observadoras,12,9,0.8051087984862819,0.7495532429307263,15
observadoras,12,2,0.5279091769157994,0.47976102876765125,13
observadoras,12,2,0.5279091769157994,0.47976102876765125,13
observadoras,12,8,0.7994323557237465,0.7549879112793021,12
exploradoras,12,1,0.532639545884579,0.4844913977364308,13
exploradoras,12,9,0.510879848628193,0.46643540418374857,12
empleadas,13,1,0.5279091769157994,0.47605732506394755,14
empleadas,13,2,0.8192999053926207,0.7637443498370651,15
empleadas,13,3,0.7814569536423841,0.7370125091979396,12
empleadas,13,4,0.5089877010406811,0.45713584918882927,14
empleadas,13,5,0.5364238410596026,0.4734608780966396,17
empleadas,13,6,0.5316934720908231,0.4909527313500823,11
empleadas,13,7,0.4380321665089877,0.40840253687935807,8
empleadas,13,8,0.7880794701986755,0.743635025754231,12
empleadas,13,9,0.5004730368968779,0.4523248887487298,13
empleadas,13,10,0.4370860927152318,0.37782683345597257,16
observadoras,13,3,0.78240302743614,0.7416622866953992,11
observadoras,13,9,0.5203405865657521,0.47219243841760394,13
observadoras,13,8,0.7682119205298014,0.7311748834927643,10
observadoras,13,2,0.815515610217597,0.7673674620694488,13
observadoras,13,2,0.8174077578051088,0.765555905953257,14
observadoras,13,3,0.760643330179754,0.723606293142717,10
observadoras,13,1,0.521286660359508,0.47684221591506354,12
observadoras,13,2,0.8145695364238411,0.7590139808682855,15
observadoras,13,1,0.5298013245033113,0.47794947265145943,14
observadoras,13,2,0.8448438978240302,0.7929920459721784,14
exploradoras,13,8,0.49290444654683063,0.44105259469497876,14
empleadas,14,1,0.5184484389782403,0.47030029083009217,13
empleadas,14,2,0.815515610217597,0.7673674620694488,13
empleadas,14,3,0.783349101229896,0.7463120641928589,10
empleadas,14,4,0.5193945127719962,0.460135253512737,16
empleadas,14,5,0.5449385052034059,0.48938294964785034,15
empleadas,14,6,0.5260170293282876,0.4852762885875469,11
empleadas,14,7,0.43614001892147586,0.41391779669925366,6
empleadas,14,8,0.5241248817407758,0.4685693261852202,15
empleadas,14,9,0.5241248817407758,0.4722730298889239,14
empleadas,14,10,0.43330179754020814,0.3666351308735415,18
observadoras,14,3,0.8079470198675497,0.7672062791268089,11
observadoras,14,6,0.5175023651844843,0.4767616244437436,11
observadoras,14,3,0.8211920529801324,0.7767476085356879,12
observadoras,14,1,0.5269631031220435,0.4825186586775991,12
observadoras,14,9,0.5203405865657521,0.47219243841760394,13
observadoras,14,3,0.8164616840113529,0.7683135358632047,13
observadoras,14,4,0.48438978240302744,0.43253793055117556,14
observadoras,14,5,0.5203405865657521,0.46108132730649287,16
observadoras,14,2,0.8240302743614002,0.7684747188058446,15
observadoras,14,4,0.48344370860927155,0.4315918567574197,14
exploradoras,14,1,0.5004730368968779,0.4560285924524335,12
exploradoras,14,6,0.5137180700094608,0.4581625144539052,15
empleadas,15,1,0.5042573320719016,0.46351659133116085,11
empleadas,15,2,0.804162724692526,0.7560145765443779,13
empleadas,15,3,0.8060548722800378,0.7579067241318896,13
empleadas,15,4,0.4077578051087985,0.35590595325694663,14
empleadas,15,5,0.5193945127719962,0.460135253512737,16
empleadas,15,6,0.49195837275307475,0.4401065209012229,14
empleadas,15,7,0.4446546830652791,0.4187287571393532,7
empleadas,15,8,0.510879848628193,0.45902799677634115,14
empleadas,15,9,0.5156102175969726,0.4674620694488244,13
empleadas,15,10,0.5364238410596026,0.46975717439293596,18
observadoras,15,6,0.5127719962157048,0.45351273695644556,16
observadoras,15,2,0.8306527909176916,0.775097235362136,15
observadoras,15,9,0.5137180700094608,0.4581625144539052,15
observadoras,15,6,0.4985808893093661,0.4393216300501068,16
observadoras,15,3,0.8013245033112583,0.7531763551631101,13
observadoras,15,2,0.5477767265846736,0.4996285784365254,13
observadoras,15,2,0.8174077578051088,0.7618522022495532,15
observadoras,15,8,0.5080416272469253,0.448782367987666,16
observadoras,15,6,0.4957426679280984,0.44389081607624653,14
observadoras,15,2,0.8240302743614002,0.7684747188058446,15
exploradoras,15,2,0.6102175969725638,0.5509583377133046,16
exploradoras,15,4,0.5458845789971618,0.49403272714530994,14
empleadas,16,1,0.49952696310312206,0.4550825186586776,12
empleadas,16,2,0.618732261116367,0.5631767055608115,15
empleadas,16,3,0.8013245033112583,0.7531763551631101,13
empleadas,16,4,0.5316934720908231,0.4835453239426749,13
empleadas,16,5,0.5487228003784295,0.4968709485265776,14
empleadas,16,6,0.510879848628193,0.45902799677634115,14
empleadas,16,7,0.4389782403027436,0.409348610673114,8
empleadas,16,8,0.7615894039735099,0.6986264410105469,17
empleadas,16,9,0.5279091769157994,0.47235362136024384,15
empleadas,16,10,0.5591296121097445,0.49616664914678155,17
observadoras,16,6,0.5345316934720908,0.47897613791653526,15
observadoras,16,10,0.5269631031220435,0.4677038438627843,16
observadoras,16,4,0.5307473982970672,0.4751918427415116,15
observadoras,16,8,0.771996215704825,0.7127369564455658,16
observadoras,16,3,0.8051087984862819,0.7569606503381338,13
observadoras,16,2,0.5818353831598865,0.5299835313080347,14
observadoras,16,3,0.8013245033112583,0.7531763551631101,13
observadoras,16,2,0.6111636707663197,0.5519044115070605,16
observadoras,16,3,0.8287606433301797,0.7806124951820316,13
observadoras,16,2,0.6253547776726585,0.5735029258208066,14
empleadas,17,1,0.4295175023651845,0.39248046532814745,10
empleadas,17,2,0.6225165562913907,0.5669610007358351,15
empleadas,17,3,0.8334910122989593,0.7816391604471075,14
empleadas,17,4,0.5411542100283823,0.4855986544728267,15
empleadas,17,5,0.5392620624408704,0.4911139142927222,13
empleadas,17,6,0.5042573320719016,0.44499807281264236,16
empleadas,17,7,0.445600756859035,0.4159711272294054,8
empleadas,17,8,0.7691579943235572,0.7136024387680017,15
empleadas,17,9,0.5515610217596972,0.49970916990784536,14
empleadas,17,10,0.522232734153264,0.45556606748659734,18
observadoras,17,3,0.8334910122989593,0.7853428641508111,13
observadoras,17,3,0.7871333964049196,0.7426889519604751,12
observadoras,17,4,0.5250709555345316,0.4769228073863835,13
observadoras,17,6,0.5061494796594135,0.4542976278075616,14
observadoras,17,2,0.6026490066225165,0.5545008584743684,13
observadoras,17,3,0.6461684011352885,0.5980202529871403,13
observadoras,17,8,0.8240302743614002,0.764771015102141,16
observadoras,17,3,0.8174077578051088,0.7729633133606644,12
observadoras,17,5,0.5449385052034059,0.48938294964785034,15
observadoras,17,6,0.5042573320719016,0.44499807281264236,16
empleadas,18,1,0.5099337748344371,0.461785626686289,13
empleadas,18,2,0.6045411542100284,0.5563930060618802,13
empleadas,18,3,0.8278145695364238,0.775962717684572,14
empleadas,18,4,0.5250709555345316,0.4769228073863835,13
empleadas,18,5,0.5487228003784295,0.4931672448228739,15
empleadas,18,6,0.4910122989593188,0.4317530397000595,16
empleadas,18,7,0.4512771996215705,0.42164756999194086,8
empleadas,18,8,0.7691579943235572,0.7136024387680017,15
empleadas,18,9,0.5477767265846736,0.492221171029118,15
empleadas,18,10,0.521286660359508,0.45461999369284134,18
observadoras,18,8,0.8126773888363292,0.7497144258733662,17
observadoras,18,8,0.8164616840113529,0.7609061284557973,15
observadoras,18,5,0.5411542100283823,0.4855986544728267,15
observadoras,18,8,0.804162724692526,0.7486071691369705,15
observadoras,18,2,0.6111636707663197,0.5556081152107641,15
observadoras,18,3,0.6404919583727531,0.5960475139283086,12
observadoras,18,10,0.8410596026490066,0.7743929359823399,18
observadoras,18,8,0.5193945127719962,0.46754266092014435,14
observadoras,18,8,0.5127719962157048,0.4572164406601492,15
observadoras,18,10,0.8561967833491012,0.7858264129787308,19
exploradoras,18,3,0.7786187322611163,0.7304705841129682,13
exploradoras,18,4,0.7105014191106906,0.6771680857773573,9
exploradoras,18,8,0.4210028382213813,0.36174357896212206,16
empleadas,19,1,0.4806054872280038,0.4361610427835593,12
empleadas,19,2,0.597918637653737,0.5423630820981814,15
empleadas,19,3,0.7880794701986755,0.7362276183468237,14
empleadas,19,4,0.7228003784295175,0.6857633413924804,10
empleadas,19,5,0.5421002838221382,0.49395213567399,13
empleadas,19,6,0.5203405865657521,0.46848873471390023,14
empleadas,19,7,0.45506149479659413,0.4217281614632608,9
empleadas,19,8,0.3945127719962157,0.3389572164406601,15
empleadas,19,9,0.5175023651844843,0.4693542170363362,13
empleadas,19,10,0.8410596026490066,0.7743929359823399,18
observadoras,19,10,0.8457899716177862,0.7791233049511196,18
observadoras,19,10,0.8401135288552507,0.773446862188584,18
observadoras,19,3,0.7880794701986755,0.7399313220505274,13
observadoras,19,10,0.7956480605487228,0.7289813938820562,18
observadoras,19,10,0.8486281929990539,0.7745541189249798,20
observadoras,19,10,0.8372753074739829,0.7706086408073163,18
observadoras,19,10,0.8618732261116367,0.7877991520375627,20
observadoras,19,6,0.5260170293282876,0.4741651774764358,14
observadoras,19,9,0.5354777672658467,0.47992221171029115,15
observadoras,19,9,0.5298013245033113,0.48165317635516314,13
exploradoras,19,2,0.5080416272469253,0.4673008865061845,11
exploradoras,19,5,0.609271523178808,0.5685307824380672,11
exploradoras,19,6,0.8202459791863765,0.7683941273345247,14
empleadas,20,1,0.5156102175969726,0.47857318055993553,10
empleadas,20,2,0.5307473982970672,0.48630295385262273,12
empleadas,20,3,0.7880794701986755,0.7362276183468237,14
empleadas,20,4,0.7199621570482497,0.679221416307509,11
empleadas,20,5,0.6140018921475875,0.5769648551105504,10
empleadas,20,6,0.826868495742668,0.7787203475945198,13
empleadas,20,7,0.45695364238410596,0.42732401275447635,8
empleadas,20,8,0.40586565752128667,0.3503101019657311,15
empleadas,20,9,0.5193945127719962,0.46383895721644064,15
empleadas,20,10,0.8495742667928098,0.7792038964224394,19
observadoras,20,9,0.5279091769157994,0.47976102876765125,13
observadoras,20,1,0.5099337748344371,0.4766004415011038,9
observadoras,20,3,0.7994323557237465,0.7475805038718947,14
observadoras,20,2,0.44181646168401134,0.4010757209432706,11
observadoras,20,5,0.6121097445600757,0.571369003819335,11
observadoras,20,3,0.5553453169347209,0.5071971687865727,13
observadoras,20,4,0.7218543046357616,0.6811135638950209,11
observadoras,20,4,0.7218543046357616,0.6811135638950209,11
observadoras,20,6,0.8164616840113529,0.7646098321595011,14
observadoras,20,5,0.6035950804162725,0.5702617470829392,9
exploradoras,20,9,0.759697256385998,0.7004379971267388,16
