iteracion,fase,abeja,evento
1,empleadas,1,sin_mejora
1,empleadas,2,sin_mejora
1,empleadas,3,sin_mejora
1,empleadas,4,sin_mejora
1,empleadas,5,mejora
1,empleadas,6,mejora
1,empleadas,7,sin_mejora
1,empleadas,8,mejora
1,empleadas,9,mejora
1,empleadas,10,mejora
1,observadoras,7,sin_mejora
1,observadoras,3,sin_mejora
1,observadoras,2,sin_mejora
1,observadoras,2,mejora
1,observadoras,1,sin_mejora
1,observadoras,5,sin_mejora
1,observadoras,7,mejora
1,observadoras,7,mejora
1,observadoras,9,sin_mejora
1,observadoras,1,sin_mejora
2,empleadas,1,mejora
2,empleadas,2,mejora
2,empleadas,3,sin_mejora
2,empleadas,4,sin_mejora
2,empleadas,5,mejora
2,empleadas,6,sin_mejora
2,empleadas,7,sin_mejora
2,empleadas,8,sin_mejora
2,empleadas,9,mejora
2,empleadas,10,sin_mejora
2,observadoras,3,mejora
2,observadoras,2,mejora
2,observadoras,2,mejora
2,observadoras,8,sin_mejora
2,observadoras,5,mejora
2,observadoras,5,mejora
2,observadoras,1,sin_mejora
2,observadoras,1,mejora
2,observadoras,5,sin_mejora
2,observadoras,3,mejora
3,empleadas,1,mejora
3,empleadas,2,sin_mejora
3,empleadas,3,sin_mejora
3,empleadas,4,mejora
3,empleadas,5,mejora
3,empleadas,6,sin_mejora
3,empleadas,7,sin_mejora
3,empleadas,8,sin_mejora
3,empleadas,9,sin_mejora
3,empleadas,10,mejora
3,observadoras,3,sin_mejora
3,observadoras,1,mejora
3,observadoras,1,sin_mejora
3,observadoras,2,sin_mejora
3,observadoras,1,sin_mejora
3,observadoras,2,sin_mejora
3,observadoras,1,sin_mejora
3,observadoras,5,sin_mejora
3,observadoras,2,mejora
3,observadoras,3,mejora
4,empleadas,1,sin_mejora
4,empleadas,2,mejora
4,empleadas,3,mejora
4,empleadas,4,sin_mejora
4,empleadas,5,mejora
4,empleadas,6,sin_mejora
4,empleadas,7,mejora
4,empleadas,8,sin_mejora
4,empleadas,9,mejora
4,empleadas,10,mejora
4,observadoras,1,sin_mejora
4,observadoras,5,sin_mejora
4,observadoras,7,sin_mejora
4,observadoras,7,sin_mejora
4,observadoras,2,mejora
4,observadoras,9,mejora
4,observadoras,5,sin_mejora
4,observadoras,9,sin_mejora
4,observadoras,9,sin_mejora
4,observadoras,7,sin_mejora
4,exploradoras,1,reinicio_scout
5,empleadas,1,sin_mejora
5,empleadas,2,sin_mejora
5,empleadas,3,sin_mejora
5,empleadas,4,sin_mejora
5,empleadas,5,sin_mejora
5,empleadas,6,mejora
5,empleadas,7,sin_mejora
5,empleadas,8,mejora
5,empleadas,9,sin_mejora
5,empleadas,10,sin_mejora
5,observadoras,7,sin_mejora
5,observadoras,3,sin_mejora
5,observadoras,8,sin_mejora
5,observadoras,1,sin_mejora
5,observadoras,3,sin_mejora
5,observadoras,8,mejora
5,observadoras,5,sin_mejora
5,observadoras,9,sin_mejora
5,observadoras,2,mejora
5,observadoras,8,sin_mejora
5,exploradoras,7,reinicio_scout
6,empleadas,1,sin_mejora
6,empleadas,2,sin_mejora
6,empleadas,3,mejora
6,empleadas,4,mejora
6,empleadas,5,mejora
6,empleadas,6,sin_mejora
6,empleadas,7,sin_mejora
6,empleadas,8,sin_mejora
6,empleadas,9,mejora
6,empleadas,10,sin_mejora
6,observadoras,9,mejora
6,observadoras,7,sin_mejora
6,observadoras,3,sin_mejora
6,observadoras,9,sin_mejora
6,observadoras,3,mejora
6,observadoras,8,sin_mejora
6,observadoras,9,sin_mejora
6,observadoras,8,sin_mejora
6,observadoras,8,sin_mejora
6,observadoras,6,sin_mejora
6,exploradoras,8,reinicio_scout
7,empleadas,1,sin_mejora
7,empleadas,2,mejora
7,empleadas,3,sin_mejora
7,empleadas,4,mejora
7,empleadas,5,sin_mejora
7,empleadas,6,sin_mejora
7,empleadas,7,sin_mejora
7,empleadas,8,mejora
7,empleadas,9,sin_mejora
7,empleadas,10,sin_mejora
7,observadoras,5,sin_mejora
7,observadoras,5,sin_mejora
7,observadoras,7,sin_mejora
7,observadoras,1,sin_mejora
7,observadoras,2,sin_mejora
7,observadoras,5,sin_mejora
7,observadoras,5,sin_mejora
7,observadoras,7,sin_mejora
7,observadoras,5,sin_mejora
7,observadoras,8,mejora
7,exploradoras,1,reinicio_scout
7,exploradoras,5,reinicio_scout
7,exploradoras,7,reinicio_scout
8,empleadas,1,sin_mejora
8,empleadas,2,sin_mejora
8,empleadas,3,sin_mejora
8,empleadas,4,mejora
8,empleadas,5,sin_mejora
8,empleadas,6,sin_mejora
8,empleadas,7,mejora
8,empleadas,8,sin_mejora
8,empleadas,9,mejora
8,empleadas,10,sin_mejora
8,observadoras,3,sin_mejora
8,observadoras,9,sin_mejora
8,observadoras,1,mejora
8,observadoras,2,sin_mejora
8,observadoras,9,mejora
8,observadoras,2,mejora
8,observadoras,6,sin_mejora
8,observadoras,2,sin_mejora
8,observadoras,6,sin_mejora
8,observadoras,3,sin_mejora
8,exploradoras,6,reinicio_scout
9,empleadas,1,sin_mejora
9,empleadas,2,sin_mejora
9,empleadas,3,sin_mejora
9,empleadas,4,sin_mejora
9,empleadas,5,mejora
9,empleadas,6,mejora
9,empleadas,7,mejora
9,empleadas,8,sin_mejora
9,empleadas,9,mejora
9,empleadas,10,sin_mejora
9,observadoras,3,sin_mejora
9,observadoras,3,sin_mejora
9,observadoras,9,sin_mejora
9,observadoras,3,sin_mejora
9,observadoras,2,mejora
9,observadoras,3,sin_mejora
9,observadoras,2,mejora
9,observadoras,6,sin_mejora
9,observadoras,2,sin_mejora
9,observadoras,8,sin_mejora
9,exploradoras,3,reinicio_scout
9,exploradoras,10,reinicio_scout
10,empleadas,1,sin_mejora
10,empleadas,2,sin_mejora
10,empleadas,3,sin_mejora
10,empleadas,4,sin_mejora
10,empleadas,5,mejora
10,empleadas,6,sin_mejora
10,empleadas,7,sin_mejora
10,empleadas,8,mejora
10,empleadas,9,sin_mejora
10,empleadas,10,mejora
10,observadoras,2,sin_mejora
10,observadoras,2,sin_mejora
10,observadoras,9,sin_mejora
10,observadoras,9,mejora
10,observadoras,5,sin_mejora
10,observadoras,3,sin_mejora
10,observadoras,5,sin_mejora
10,observadoras,3,sin_mejora
10,observadoras,3,mejora
10,observadoras,9,sin_mejora
11,empleadas,1,sin_mejora
11,empleadas,2,sin_mejora
11,empleadas,3,sin_mejora
11,empleadas,4,sin_mejora
11,empleadas,5,sin_mejora
11,empleadas,6,mejora
11,empleadas,7,mejora
11,empleadas,8,mejora
11,empleadas,9,sin_mejora
11,empleadas,10,sin_mejora
11,observadoras,1,sin_mejora
11,observadoras,2,sin_mejora
11,observadoras,2,sin_mejora
11,observadoras,3,mejora
11,observadoras,3,sin_mejora
11,observadoras,8,sin_mejora
11,observadoras,9,sin_mejora
11,observadoras,8,mejora
11,observadoras,3,sin_mejora
11,observadoras,6,sin_mejora
11,exploradoras,2,reinicio_scout
12,empleadas,1,sin_mejora
12,empleadas,2,mejora
12,empleadas,3,sin_mejora
12,empleadas,4,mejora
12,empleadas,5,mejora
12,empleadas,6,sin_mejora
12,empleadas,7,mejora
12,empleadas,8,sin_mejora
12,empleadas,9,sin_mejora
12,empleadas,10,sin_mejora
12,observadoras,8,sin_mejora
12,observadoras,2,sin_mejora
12,observadoras,2,mejora
12,observadoras,3,sin_mejora
12,observadoras,8,sin_mejora
12,observadoras,2,sin_mejora
12,observadoras,9,sin_mejora
12,observadoras,2,sin_mejora
12,observadoras,2,sin_mejora
12,observadoras,8,sin_mejora
12,exploradoras,1,reinicio_scout
12,exploradoras,9,reinicio_scout
13,empleadas,1,sin_mejora
13,empleadas,2,sin_mejora
13,empleadas,3,mejora
13,empleadas,4,sin_mejora
13,empleadas,5,sin_mejora
13,empleadas,6,sin_mejora
13,empleadas,7,sin_mejora
13,empleadas,8,sin_mejora
13,empleadas,9,sin_mejora
13,empleadas,10,sin_mejora
13,observadoras,3,mejora
13,observadoras,9,mejora
13,observadoras,8,sin_mejora
13,observadoras,2,mejora
13,observadoras,2,sin_mejora
13,observadoras,3,sin_mejora
13,observadoras,1,sin_mejora
13,observadoras,2,sin_mejora
13,observadoras,1,sin_mejora
13,observadoras,2,mejora
13,exploradoras,8,reinicio_scout
14,empleadas,1,sin_mejora
14,empleadas,2,sin_mejora
14,empleadas,3,mejora
14,empleadas,4,sin_mejora
14,empleadas,5,mejora
14,empleadas,6,sin_mejora
14,empleadas,7,sin_mejora
14,empleadas,8,mejora
14,empleadas,9,mejora
14,empleadas,10,sin_mejora
14,observadoras,3,mejora
14,observadoras,6,sin_mejora
14,observadoras,3,mejora
14,observadoras,1,sin_mejora
14,observadoras,9,sin_mejora
14,observadoras,3,sin_mejora
14,observadoras,4,sin_mejora
14,observadoras,5,sin_mejora
14,observadoras,2,sin_mejora
14,observadoras,4,sin_mejora
14,exploradoras,1,reinicio_scout
14,exploradoras,6,reinicio_scout
15,empleadas,1,mejora
15,empleadas,2,sin_mejora
15,empleadas,3,sin_mejora
15,empleadas,4,sin_mejora
15,empleadas,5,sin_mejora
15,empleadas,6,sin_mejora
15,empleadas,7,mejora
15,empleadas,8,sin_mejora
15,empleadas,9,sin_mejora
15,empleadas,10,mejora
15,observadoras,6,sin_mejora
15,observadoras,2,sin_mejora
15,observadoras,9,sin_mejora
15,observadoras,6,sin_mejora
15,observadoras,3,sin_mejora
15,observadoras,2,sin_mejora
15,observadoras,2,sin_mejora
15,observadoras,8,sin_mejora
15,observadoras,6,sin_mejora
15,observadoras,2,sin_mejora
15,exploradoras,2,reinicio_scout
15,exploradoras,4,reinicio_scout
16,empleadas,1,sin_mejora
16,empleadas,2,mejora
16,empleadas,3,sin_mejora
16,empleadas,4,sin_mejora
16,empleadas,5,mejora
16,empleadas,6,mejora
16,empleadas,7,sin_mejora
16,empleadas,8,mejora
16,empleadas,9,mejora
16,empleadas,10,mejora
16,observadoras,6,mejora
16,observadoras,10,sin_mejora
16,observadoras,4,sin_mejora
16,observadoras,8,mejora
16,observadoras,3,sin_mejora
16,observadoras,2,sin_mejora
16,observadoras,3,sin_mejora
16,observadoras,2,sin_mejora
16,observadoras,3,mejora
16,observadoras,2,mejora
17,empleadas,1,sin_mejora
17,empleadas,2,sin_mejora
17,empleadas,3,mejora
17,empleadas,4,sin_mejora
17,empleadas,5,sin_mejora
17,empleadas,6,sin_mejora
17,empleadas,7,sin_mejora
17,empleadas,8,mejora
17,empleadas,9,mejora
17,empleadas,10,sin_mejora
17,observadoras,3,mejora
17,observadoras,3,sin_mejora
17,observadoras,4,sin_mejora
17,observadoras,6,sin_mejora
17,observadoras,2,sin_mejora
17,observadoras,3,sin_mejora
17,observadoras,8,mejora
17,observadoras,3,sin_mejora
17,observadoras,5,sin_mejora
17,observadoras,6,sin_mejora
18,empleadas,1,sin_mejora
18,empleadas,2,sin_mejora
18,empleadas,3,sin_mejora
18,empleadas,4,sin_mejora
18,empleadas,5,sin_mejora
18,empleadas,6,sin_mejora
18,empleadas,7,mejora
18,empleadas,8,sin_mejora
18,empleadas,9,sin_mejora
18,empleadas,10,sin_mejora
18,observadoras,8,sin_mejora
18,observadoras,8,sin_mejora
18,observadoras,5,sin_mejora
18,observadoras,8,sin_mejora
18,observadoras,2,sin_mejora
18,observadoras,3,sin_mejora
18,observadoras,10,mejora
18,observadoras,8,sin_mejora
18,observadoras,8,sin_mejora
18,observadoras,10,mejora
18,exploradoras,3,reinicio_scout
18,exploradoras,4,reinicio_scout
18,exploradoras,8,reinicio_scout
19,empleadas,1,sin_mejora
19,empleadas,2,sin_mejora
19,empleadas,3,mejora
19,empleadas,4,mejora
19,empleadas,5,sin_mejora
19,empleadas,6,sin_mejora
19,empleadas,7,mejora
19,empleadas,8,sin_mejora
19,empleadas,9,sin_mejora
19,empleadas,10,sin_mejora
19,observadoras,10,sin_mejora
19,observadoras,10,sin_mejora
19,observadoras,3,mejora
19,observadoras,10,sin_mejora
19,observadoras,10,sin_mejora
19,observadoras,10,sin_mejora
19,observadoras,10,mejora
19,observadoras,6,sin_mejora
19,observadoras,9,sin_mejora
19,observadoras,9,sin_mejora
19,exploradoras,2,reinicio_scout
19,exploradoras,5,reinicio_scout
19,exploradoras,6,reinicio_scout
20,empleadas,1,mejora
20,empleadas,2,mejora
20,empleadas,3,sin_mejora
20,empleadas,4,sin_mejora
20,empleadas,5,mejora
20,empleadas,6,mejora
20,empleadas,7,mejora
20,empleadas,8,sin_mejora
20,empleadas,9,sin_mejora
20,empleadas,10,sin_mejora
20,observadoras,9,sin_mejora
20,observadoras,1,sin_mejora
20,observadoras,3,mejora
20,observadoras,2,sin_mejora
20,observadoras,5,sin_mejora
20,observadoras,3,sin_mejora
20,observadoras,4,sin_mejora
20,observadoras,4,sin_mejora
20,observadoras,6,sin_mejora
20,observadoras,5,sin_mejora
20,exploradoras,9,reinicio_scout
